# Hydro plugin parameters,,,,
# One parameter per line: name,value  (Info_* tables take 4 values: head,body,tail,tip)
# Lines starting with # are comments.,,,,
,,,,
Mass_head,0.0601,,,
Mass_body,0.03739,,,
Mass_tail,0.02218,,,
Mass_tip,0.006939,,,
,,,,
pho_f,1000,,,
Seg_M_total_ratio,0.75,,,
,,,,
c_d,2.25,,,
c_f,0.06,,,
Seg_Cm,1,,,
loco_indicator,1,,,
,,,,
Info_M_0,2.741,,,
Info_M_l,2.741,,,
Info_h_0,0.05908,,,
,,,,
Info_M_total,0.1179,0.07333,0.04351,0.07676
Info_M_S,0.002534,0.0009808,0.0003452,0.001075
Info_cog,0.02175,0.01338,0.007934,0.014
Info_lt,0.043,0.02675,0.01975,0.028
Info_IH0,0.00254,0.00158,0.0009376,0.001654
Info_IH1,0.00005462,0.00002114,0.00000744,0.00002316
Info_IH2,0.000001566,0.000000377,7.871E-08,4.323E-07
Info_IH3,5.05E-08,7.563E-09,9.369E-10,9.079E-09
Info_IP,0.006185,0.003847,0.002283,0.003543
